"ID","Title ID","Real Name","Character Name","Role"
"1","82","Mrs. Mona Hyatt Jr.","Rosella","Actor"
"2","45","Kay Rempel","Violet","Actress"
"3","30","Betsy Windler","Zora","Screenwriter"
"4","42","Jose Ratke MD","Angelita","Director"
"5","78","Ms. Ernestine Larkin","Delpha","Production Designer"
"6","71","Rolando Hirthe","Zachariah","Film Editor"
"7","85","Debbie Altenwerth","Rossie","Film Editor"
"8","81","Kara Franey","Theresia","Producer"
"9","54","Gayle Upton","Efrain","Director"
"10","10","Shane Collins","Retta","Actor"
"11","56","Wilfred Gislason","Kieran","Producer"
"12","59","Claude Moen","Margaretta","Film Editor"
"13","95","Rodney Denesik","Gwendolyn","Actress"
"14","4","Shelly Gerhold","Emil","Film Editor"
"15","39","Shawn Hilll","Esteban","Actor"
"16","79","Hugh Casper","Leila","Director"
"17","37","Christina Bartoletti","Julie","Costume Designer"
"18","56","Jermaine Price IV","Bethel","Screenwriter"
"19","55","Ernestine Heaney","Rebeka","Production Designer"
"20","65","Mario Harvey","Roosevelt","Actress"
"21","45","Joann Renner","Bethany","Screenwriter"
"22","5","Dr. Mamie Sawayn","Kianna","Actor"
"23","91","Vickie Feil","Alf","Film Editor"
"24","40","Bobby Lubowitz","Kurtis","Film Editor"
"25","24","Shelia Wisozk-Hahn II","Brendon","Actor"
"26","30","Dr. Janie Lueilwitz","Delia","Costume Designer"
"27","57","Tricia Rippin","Carroll","Actor"
"28","7","Philip Yost","Jonas","Director"
"29","69","Paulette Davis","Whitney","Production Designer"
"30","7","Lori Runolfsdottir","Zion","Director"
"31","61","Penny Bode","Grady","Production Designer"
"32","68","Chelsea Schinner DDS","Jude","Actress"
"33","83","Brent Dooley","Erika","Producer"
"34","8","Constance Mraz","Mauricio","Actress"
"35","57","Emmett Kirlin","Kaleigh","Director"
"36","2","Hattie Brekke","Hazel","Actress"
"37","16","Sidney Daniel-Herman","Tyrique","Costume Designer"
"38","25","Willard Emmerich","Pascale","Cinematographer"
"39","24","Verna O'Connell","Terrence","Actress"
"40","97","Joe Effertz","Obie","Cinematographer"
"41","89","Geoffrey Greenfelder","Antonia","Producer"
"42","75","Alfred Moen Jr.","Hope","Producer"
"43","42","Ebony Leannon","Scot","Actress"
"44","16","Kyle Rosenbaum","Marcellus","Producer"
"45","10","Christine Hartmann","Xzavier","Production Designer"
"46","85","Garrett Boehm","Jeramie","Actor"
"47","87","Eva Rice","Kane","Film Editor"
"48","9","Seth Balistreri","Kennedi","Director"
"49","51","Betty Ward","Sunny","Producer"
"50","71","Terrell Auer","Carley","Producer"
"51","54","Lonnie Predovic","Hannah","Production Designer"
"52","39","Guillermo Towne","Petra","Producer"
"53","73","Alfred Carter","Shaina","Music Composer"
"54","38","Leonard Pfannerstill","Rudy","Actor"
"55","20","Doreen Barrows","Amy","Costume Designer"
"56","18","Dr. Ignacio Nikolaus","Lamont","Screenwriter"
"57","18","Dale Weber","Lessie","Director"
"58","33","Meghan Bahringer","Arvid","Film Editor"
"59","73","Dr. Kara Harber","Laura","Screenwriter"
"60","10","Florence Lakin","Kaylee","Production Designer"
"61","45","Austin Macejkovic","Laurie","Director"
"62","18","Dr. Terry Medhurst","Esther","Music Composer"
"63","60","Karl Hackett Jr.","Kaleb","Actor"
"64","24","Candice Stokes","Israel","Director"
"65","90","Miss Catherine Lemke","Eileen","Director"
"66","14","Albert Beier","Napoleon","Production Designer"
"67","31","Kenny Littel","Chaya","Music Composer"
"68","52","Mitchell Green","Marcelino","Cinematographer"
"69","22","Bethany Bradtke DVM","Kaitlyn","Producer"
"70","74","Louis Lesch","Alexis","Director"
"71","28","Sheri Shanahan","Ora","Director"
"72","16","Nathaniel Hoppe","Elian","Costume Designer"
"73","8","Dr. Ian Rutherford","Henry","Music Composer"
"74","19","Steven Barton","Rahul","Screenwriter"
"75","2","Daryl Herman","Mabel","Actress"
"76","74","Max Wehner","Yadira","Producer"
"77","11","Marcella Hahn DVM","Jamar","Actor"
"78","25","Orville Spencer","Bella","Costume Designer"
"79","88","Angelo Spinka","Brian","Costume Designer"
"80","98","Lola Jacobson","Mckenna","Cinematographer"
"81","78","Jana Funk","Cristopher","Director"
"82","39","Gayle Grady MD","Duane","Cinematographer"
"83","62","Mr. Erik Feil","Ari","Production Designer"
"84","14","Juan Koelpin","Nichole","Producer"
"85","68","Alfredo Jones","Lucious","Cinematographer"
"86","1","Alfonso Schinner","Kamille","Production Designer"
"87","14","Rhonda Kemmer","Edmond","Producer"
"88","25","Ora Weimann","Eugenia","Production Designer"
"89","7","Tyler Crona","Carmella","Production Designer"
"90","31","Kelli Bednar","Allan","Film Editor"
"91","14","Eugene Altenwerth","Bryon","Film Editor"
"92","75","Mrs. Mae Shields","Oral","Cinematographer"
"93","80","Clint Stark","Luther","Actor"
"94","17","Micheal Hegmann","Viola","Screenwriter"
"95","47","Ignacio Rau","Jean","Music Composer"
"96","70","Angela Stiedemann","Alvah","Film Editor"
"97","34","Mathew Johnson","Edmund","Director"
"98","27","Ted Marks","Edward","Cinematographer"
"99","78","Natasha Langosh","Kiley","Cinematographer"
"100","10","Alma Swift","Katarina","Costume Designer"
"101","65","Dr. Marie Olson","Treva","Music Composer"
"102","4","Carolyn Swaniawski-Haag","Austyn","Costume Designer"
"103","96","Mrs. Delores Bayer","Percival","Cinematographer"
"104","88","Mr. Larry Von","Porter","Production Designer"
"105","62","Sean Jenkins I","Jamil","Music Composer"
"106","54","Toni Schaden","Leta","Production Designer"
"107","26","Rick Kovacek","Sophia","Screenwriter"
"108","88","Brendan Gleichner","Ronny","Producer"
"109","72","Deborah Adams V","Jeramie","Screenwriter"
"110","68","Mr. Myron Murazik","Karlie","Production Designer"
"111","73","Arthur Rolfson","Hazle","Screenwriter"
"112","31","Erin Nitzsche-Will","Sylvester","Cinematographer"
"113","44","Mrs. Connie Ruecker","Hope","Film Editor"
"114","51","Catherine Jacobson","Jimmie","Producer"
"115","64","Frankie Ruecker","Amara","Actor"
"116","49","Dora Padberg Sr.","Shawn","Music Composer"
"117","88","Allen Glover","Elfrieda","Actor"
"118","6","Mr. Russell Sporer","Mohamed","Production Designer"
"119","98","Rudolph Welch","Briana","Actress"
"120","83","Claudia Weissnat","Marcelle","Producer"
"121","20","Rosa Ortiz","Maye","Screenwriter"
"122","10","David Homenick","Maci","Actor"
"123","18","Mark Ziemann","Polly","Costume Designer"
"124","80","Sheldon Botsford","Bernie","Actress"
"125","37","Tony Armstrong","Kayli","Screenwriter"
"126","81","Edith Hahn","Esperanza","Actress"
"127","50","Colleen Kilback","Mitchell","Music Composer"
"128","22","Grace Murphy","Ulices","Actor"
"129","24","Abel Cormier","Jacques","Actor"
"130","15","Rene Borer","Melvin","Costume Designer"
"131","1","Stella Stracke-Zulauf","Gilbert","Actor"
"132","40","Vanessa Cummings","Dahlia","Actress"
"133","25","Monique Rath","Coralie","Director"
"134","39","Stacy Klocko","Ellen","Actor"
"135","21","Amelia Koelpin","Gregorio","Film Editor"
"136","55","Christie Romaguera","Kip","Cinematographer"
"137","4","Clayton Rowe","Lilyan","Cinematographer"
"138","52","Miss Misty Kreiger","Jarvis","Actress"
"139","99","Teri Conn","Brandon","Music Composer"
"140","67","Salvatore Lowe V","Micaela","Director"
"141","1","Andrew Dickinson","Lauren","Producer"
"142","64","Guy Beatty","Jerod","Film Editor"
"143","28","Dr. Morris Denesik","Celestine","Costume Designer"
"144","59","Belinda Kshlerin","Ahmad","Actress"
"145","97","Dale Kuhic","Diamond","Actor"
"146","3","Dwayne Becker","Bria","Actor"
"147","16","Andrew Lockman","Ron","Costume Designer"
"148","57","Frederick Becker","Johnpaul","Screenwriter"
"149","21","Jason Collins","Mittie","Film Editor"
"150","22","Drew Hyatt","Kennedy","Film Editor"